insert into companies (ID,COMPANY_CODE,COMPANY_NAME)  values (1,'DMCHIT','Demo Chit Funds');

insert into bo_users (user_id,company_id,password,phone,email) values( 'boadmin',1,'password','77869591','unnidev1978@gmail.com')
update bo_users set first_name = 'Alok' , last_name = 'Singh' where user_id = 'boadmin'

INSERT INTO APPLICATION (APP_NAME,APP_DISPLAY) VALUES ('BOCHIT','Backoffice-OnlineChits');

INSERT INTO APPLICATION_MENUS (APP_NAME,MENU_TITLE,HTML_FILE,DISPLAY_CLASS) VALUES ('BOCHIT','Dashboard','./bodashboard.html',
'fas fa-home text-light fa-lg mr-3');

INSERT INTO APPLICATION_MENUS (APP_NAME,MENU_TITLE,HTML_FILE,DISPLAY_CLASS) VALUES ('BOCHIT','Scheme Types','./autocode.html?entity=SchemeType',
'fas fa-address-card text-light fa-lg mr-3');
INSERT INTO APPLICATION_MENUS (APP_NAME,MENU_TITLE,HTML_FILE,DISPLAY_CLASS) VALUES ('BOCHIT','Brands','./autocode.html?entity=Brand',
'fas fa-gopuram text-light fa-lg mr-3');
INSERT INTO APPLICATION_MENUS (APP_NAME,MENU_TITLE,HTML_FILE,DISPLAY_CLASS) VALUES ('BOCHIT','Schemes','./autocode.html?entity=Scheme',
'fas fa-envelope text-light fa-lg mr-3');
INSERT INTO APPLICATION_MENUS (APP_NAME,MENU_TITLE,HTML_FILE,DISPLAY_CLASS) VALUES ('BOCHIT','Customers','./autocode.html?entity=Customer',
'fas fa-user text-light fa-lg mr-3');
INSERT INTO APPLICATION_MENUS (APP_NAME,MENU_TITLE,HTML_FILE,DISPLAY_CLASS) VALUES ('BOCHIT','Reports','./autocode.html',
'fas fa-file-alt text-light fa-lg mr-3');
INSERT INTO APPLICATION_MENUS (APP_NAME,MENU_TITLE,HTML_FILE,DISPLAY_CLASS) VALUES ('BOCHIT','Analytics','./autocode.html',
'fas fa-chart-bar text-light fa-lg mr-3');
INSERT INTO APPLICATION_MENUS (APP_NAME,MENU_TITLE,HTML_FILE,DISPLAY_CLASS) VALUES ('BOCHIT','Configuration','./autocode.html',
'fas fa-wrench text-light fa-lg mr-3');

INSERT INTO FINITE_GROUPS (GROUP_CODE,GROUP_DESC) VALUES ('CHITFREQ' , 'Chit lot Frequency');
INSERT INTO FINITE_GROUPS (GROUP_CODE,GROUP_DESC) VALUES ('SCHMSTATUS' , 'Scheme Status');
INSERT INTO FINITE_GROUPS (GROUP_CODE,GROUP_DESC) VALUES ('CUSTSTATUS' , 'Customer Status');


INSERT INTO FINITE_VALUES (VALUE_CODE,VALUE_DESC,GROUP_CODE) VALUES ('FREQMON','Monthly' ,'CHITFREQ');
INSERT INTO FINITE_VALUES (VALUE_CODE,VALUE_DESC,GROUP_CODE) VALUES ('FREQWEEK','Weekly','CHITFREQ');
INSERT INTO FINITE_VALUES (VALUE_CODE,VALUE_DESC,GROUP_CODE) VALUES ('FREQDAILY','Daily','CHITFREQ');
INSERT INTO FINITE_VALUES (VALUE_CODE,VALUE_DESC,GROUP_CODE) VALUES ('FREQQUART','Quarterly','CHITFREQ');
INSERT INTO FINITE_VALUES (VALUE_CODE,VALUE_DESC,GROUP_CODE) VALUES ('SCHMINIT','Initiated' ,'SCHMSTATUS');
INSERT INTO FINITE_VALUES (VALUE_CODE,VALUE_DESC,GROUP_CODE) VALUES ('SCHMREADY','Ready','SCHMSTATUS');
INSERT INTO FINITE_VALUES (VALUE_CODE,VALUE_DESC,GROUP_CODE) VALUES ('SCHMACTIVE','Active' ,'SCHMSTATUS');
INSERT INTO FINITE_VALUES (VALUE_CODE,VALUE_DESC,GROUP_CODE) VALUES ('SCHMCANCEL','Cancelled','SCHMSTATUS');
INSERT INTO FINITE_VALUES (VALUE_CODE,VALUE_DESC,GROUP_CODE) VALUES ('SCHMCLOSE','Closed','SCHMSTATUS');
INSERT INTO FINITE_VALUES (VALUE_CODE,VALUE_DESC,GROUP_CODE) VALUES ('CUSTDOCAWAIT','Awaiting Documents' ,'CUSTSTATUS');
INSERT INTO FINITE_VALUES (VALUE_CODE,VALUE_DESC,GROUP_CODE) VALUES ('CUSTAPPROVED','Approved','CUSTSTATUS');
INSERT INTO FINITE_VALUES (VALUE_CODE,VALUE_DESC,GROUP_CODE) VALUES ('CUSTACTIVE','Active' ,'CUSTSTATUS');
INSERT INTO FINITE_VALUES (VALUE_CODE,VALUE_DESC,GROUP_CODE) VALUES ('CUSTINACTIVE','InActive','CUSTSTATUS');

INSERT INTO ENTITIES (ENTITY_NAME,HAS_SUB,CLASSNAME,SERVICENAME,VALIDATORNAME,PK_TYPE) VALUES ('Brand',false,'com.primus.brands.model.Brand','genericService','genericValidator','ID');
INSERT INTO ENTITIES (ENTITY_NAME,HAS_SUB,CLASSNAME,SERVICENAME,VALIDATORNAME,PK_TYPE) VALUES ('SchemeType',false,'com.primus.schemetype.model.SchemeType','genericService','genericValidator','ID');
INSERT INTO ENTITIES (ENTITY_NAME,HAS_SUB,CLASSNAME,SERVICENAME,VALIDATORNAME,PK_TYPE) VALUES ('Scheme',false,'com.primus.scheme.model.Scheme','genericService','genericValidator','ID');
INSERT INTO ENTITIES (ENTITY_NAME,HAS_SUB,CLASSNAME,SERVICENAME,VALIDATORNAME,PK_TYPE) VALUES ('Customer',true,'com.primus.customer.model.Customer','genericService','genericValidator','ID');


INSERT INTO entity_fields (ENTITY_NAME,FIELD_NAME,IS_PK, IS_BK, IS_MANDATORY, LIST_PAGE_BV, EDIT_PAGE_BV,  ADD_PAGE_BV, UI_LABEL_KEY,UI_LABEL_VALUE,JSON_TAG,SHOW_INFILTER,DISPLAY_CONTROL,VALUE_POPULATOR,SCREEN_WIDTH,SEQ_POS)
VALUES( 'Brand','Id',true,false,false,'IGNORE','HIDE','IGNORE','Id','Id','Id',false,'Hidden',null,20,1);
INSERT INTO entity_fields (ENTITY_NAME,FIELD_NAME,IS_PK, IS_BK, IS_MANDATORY, LIST_PAGE_BV, EDIT_PAGE_BV,  ADD_PAGE_BV, UI_LABEL_KEY,UI_LABEL_VALUE,JSON_TAG,SHOW_INFILTER,DISPLAY_CONTROL,VALUE_POPULATOR,SCREEN_WIDTH,SEQ_POS)
VALUES( 'Brand','Code',false,true,true,'SHOW','READONLY','SHOW','Code','Code','Code',true,'Text',null,20,2);
INSERT INTO entity_fields (ENTITY_NAME,FIELD_NAME,IS_PK, IS_BK, IS_MANDATORY, LIST_PAGE_BV, EDIT_PAGE_BV,  ADD_PAGE_BV, UI_LABEL_KEY,UI_LABEL_VALUE,JSON_TAG,SHOW_INFILTER,DISPLAY_CONTROL,VALUE_POPULATOR,SCREEN_WIDTH,SEQ_POS)
VALUES( 'Brand','Name',false,false,true,'SHOW','SHOW','SHOW','Brand','Brand','Name',true,'Text',null,50,3);
INSERT INTO entity_fields (ENTITY_NAME,FIELD_NAME,IS_PK, IS_BK, IS_MANDATORY, LIST_PAGE_BV, EDIT_PAGE_BV,  ADD_PAGE_BV, UI_LABEL_KEY,UI_LABEL_VALUE,JSON_TAG,SHOW_INFILTER,DISPLAY_CONTROL,VALUE_POPULATOR,SCREEN_WIDTH,SEQ_POS)
VALUES( 'Brand','Description', false,false,false,'SHOW','SHOW','SHOW','Description','Description','Description',false,'Text',null,100,4);
INSERT INTO entity_fields (ENTITY_NAME,FIELD_NAME,IS_PK, IS_BK, IS_MANDATORY, LIST_PAGE_BV, EDIT_PAGE_BV,  ADD_PAGE_BV, UI_LABEL_KEY,UI_LABEL_VALUE,JSON_TAG,SHOW_INFILTER,DISPLAY_CONTROL,VALUE_POPULATOR,SCREEN_WIDTH,SEQ_POS)
VALUES( 'Brand','Email',false,false,true,'SHOW','SHOW','SHOW','Email','Email','Email',false,'Email',null,30,5);
INSERT INTO entity_fields (ENTITY_NAME,FIELD_NAME,IS_PK, IS_BK, IS_MANDATORY, LIST_PAGE_BV, EDIT_PAGE_BV,  ADD_PAGE_BV, UI_LABEL_KEY,UI_LABEL_VALUE,JSON_TAG,SHOW_INFILTER,DISPLAY_CONTROL,VALUE_POPULATOR,SCREEN_WIDTH,SEQ_POS)
VALUES( 'Brand','Phone',false,false,true,'SHOW','SHOW','SHOW','Phone','Phone','Phone',false,'Text',null,30,6);
INSERT INTO entity_fields (ENTITY_NAME,FIELD_NAME,IS_PK, IS_BK, IS_MANDATORY, LIST_PAGE_BV, EDIT_PAGE_BV,  ADD_PAGE_BV, UI_LABEL_KEY,UI_LABEL_VALUE,JSON_TAG,SHOW_INFILTER,DISPLAY_CONTROL,VALUE_POPULATOR,SCREEN_WIDTH,SEQ_POS)
VALUES( 'Brand','Production',false,false,true,'SHOW','SHOW','SHOW','Production','Prod','Production',false,'CheckBox',null,30,8);
INSERT INTO entity_fields (ENTITY_NAME,FIELD_NAME,IS_PK, IS_BK, IS_MANDATORY, LIST_PAGE_BV, EDIT_PAGE_BV,  ADD_PAGE_BV, UI_LABEL_KEY,UI_LABEL_VALUE,JSON_TAG,SHOW_INFILTER,DISPLAY_CONTROL,VALUE_POPULATOR,SCREEN_WIDTH,SEQ_POS)
VALUES( 'Brand','Version',false,false,true,'IGNORE','HIDE','IGNORE','','','Version',false,'Hidden',null,30,9);

INSERT INTO ENTITY_VALIDATIONS(ENTITY_NAME,FIELD_NAME,VALIDATION_TYPE,PARAMS) VALUES('Brand','Code','MANDATORY','Code');
INSERT INTO ENTITY_VALIDATIONS(ENTITY_NAME,FIELD_NAME,VALIDATION_TYPE,PARAMS) VALUES('Brand','Name','MANDATORY','Brand Name');
INSERT INTO ENTITY_VALIDATIONS(ENTITY_NAME,FIELD_NAME,VALIDATION_TYPE,PARAMS) VALUES('Brand','Code','UNIQUE','Code');

INSERT INTO ENTITIES (ENTITY_NAME,HAS_SUB,CLASSNAME,SERVICENAME,VALIDATORNAME,PK_TYPE) VALUES ('Brand',false,'com.primus.brands.model.Brand','genericService','genericValidator','ID')


INSERT INTO entity_fields (ENTITY_NAME,FIELD_NAME,IS_PK, IS_BK, IS_MANDATORY, LIST_PAGE_BV, EDIT_PAGE_BV,  ADD_PAGE_BV, UI_LABEL_KEY,UI_LABEL_VALUE,JSON_TAG,SHOW_INFILTER,DISPLAY_CONTROL,VALUE_POPULATOR,SCREEN_WIDTH,SEQ_POS)
VALUES( 'SchemeType','Id',true,false,false,'IGNORE','HIDE','IGNORE','Id','Id','Id',false,'Hidden',null,20,1);
INSERT INTO entity_fields (ENTITY_NAME,FIELD_NAME,IS_PK, IS_BK, IS_MANDATORY, LIST_PAGE_BV, EDIT_PAGE_BV,  ADD_PAGE_BV, UI_LABEL_KEY,UI_LABEL_VALUE,JSON_TAG,SHOW_INFILTER,DISPLAY_CONTROL,VALUE_POPULATOR,SCREEN_WIDTH,SEQ_POS)
VALUES( 'SchemeType','Code',false,true,true,'SHOW','READONLY','SHOW','Code','Code','Code',true,'Text',null,20,2);
INSERT INTO entity_fields (ENTITY_NAME,FIELD_NAME,IS_PK, IS_BK, IS_MANDATORY, LIST_PAGE_BV, EDIT_PAGE_BV,  ADD_PAGE_BV, UI_LABEL_KEY,UI_LABEL_VALUE,JSON_TAG,SHOW_INFILTER,DISPLAY_CONTROL,VALUE_POPULATOR,SCREEN_WIDTH,SEQ_POS)
VALUES( 'SchemeType','Description', false,false,true,'SHOW','SHOW','SHOW','Description','Description','Description',false,'Text',null,100,3);
INSERT INTO entity_fields (ENTITY_NAME,FIELD_NAME,IS_PK, IS_BK, IS_MANDATORY, LIST_PAGE_BV, EDIT_PAGE_BV,  ADD_PAGE_BV, UI_LABEL_KEY,UI_LABEL_VALUE,JSON_TAG,SHOW_INFILTER,DISPLAY_CONTROL,VALUE_POPULATOR,SCREEN_WIDTH,SEQ_POS)
VALUES( 'SchemeType','Frequency',false,false,true,'SHOW','SHOW','SHOW','Lot_Frequency','Lot Frequency','Frequency.Description',true,'DropDown','FiniteValues.CHITFREQ',20,4);
INSERT INTO entity_fields (ENTITY_NAME,FIELD_NAME,IS_PK, IS_BK, IS_MANDATORY, LIST_PAGE_BV, EDIT_PAGE_BV,  ADD_PAGE_BV, UI_LABEL_KEY,UI_LABEL_VALUE,JSON_TAG,SHOW_INFILTER,DISPLAY_CONTROL,VALUE_POPULATOR,SCREEN_WIDTH,SEQ_POS)
VALUES( 'SchemeType','PriceMoney', false,false,true,'SHOW','SHOW','SHOW','Price_Money','Price Money','PriceMoney',false,'Text',null,100,5);
INSERT INTO entity_fields (ENTITY_NAME,FIELD_NAME,IS_PK, IS_BK, IS_MANDATORY, LIST_PAGE_BV, EDIT_PAGE_BV,  ADD_PAGE_BV, UI_LABEL_KEY,UI_LABEL_VALUE,JSON_TAG,SHOW_INFILTER,DISPLAY_CONTROL,VALUE_POPULATOR,SCREEN_WIDTH,SEQ_POS)
VALUES( 'SchemeType','NoParticipants', false,false,true,'SHOW','SHOW','SHOW','NoParticipants','No of Participants','NoParticipants',false,'Text',null,20,6);
INSERT INTO entity_fields (ENTITY_NAME,FIELD_NAME,IS_PK, IS_BK, IS_MANDATORY, LIST_PAGE_BV, EDIT_PAGE_BV,  ADD_PAGE_BV, UI_LABEL_KEY,UI_LABEL_VALUE,JSON_TAG,SHOW_INFILTER,DISPLAY_CONTROL,VALUE_POPULATOR,SCREEN_WIDTH,SEQ_POS)
VALUES( 'SchemeType','Version',false,false,true,'IGNORE','HIDE','IGNORE','','','Version',false,'Hidden',null,30,7);


INSERT INTO ENTITY_VALIDATIONS(ENTITY_NAME,FIELD_NAME,VALIDATION_TYPE,PARAMS) VALUES('SchemeType','Code','MANDATORY','Code');
INSERT INTO ENTITY_VALIDATIONS(ENTITY_NAME,FIELD_NAME,VALIDATION_TYPE,PARAMS) VALUES('SchemeType','Description','MANDATORY','Description');
INSERT INTO ENTITY_VALIDATIONS(ENTITY_NAME,FIELD_NAME,VALIDATION_TYPE,PARAMS) VALUES('SchemeType','Code','UNIQUE','Code');
INSERT INTO ENTITY_VALIDATIONS(ENTITY_NAME,FIELD_NAME,VALIDATION_TYPE,PARAMS) VALUES('SchemeType','Frequency','MANDATORY','Frequency');
INSERT INTO ENTITY_VALIDATIONS(ENTITY_NAME,FIELD_NAME,VALIDATION_TYPE,PARAMS,FV_GROUP) VALUES('SchemeType','Frequency','FV','Frequency','CHITFREQ');


INSERT INTO entity_fields (ENTITY_NAME,FIELD_NAME,IS_PK, IS_BK, IS_MANDATORY, LIST_PAGE_BV, EDIT_PAGE_BV,  ADD_PAGE_BV, UI_LABEL_KEY,UI_LABEL_VALUE,JSON_TAG,SHOW_INFILTER,DISPLAY_CONTROL,VALUE_POPULATOR,SCREEN_WIDTH,SEQ_POS)
VALUES( 'Scheme','Id',true,false,false,'IGNORE','HIDE','IGNORE','Id','Id','Id',false,'Hidden',null,20,1);
INSERT INTO entity_fields (ENTITY_NAME,FIELD_NAME,IS_PK, IS_BK, IS_MANDATORY, LIST_PAGE_BV, EDIT_PAGE_BV,  ADD_PAGE_BV, UI_LABEL_KEY,UI_LABEL_VALUE,JSON_TAG,SHOW_INFILTER,DISPLAY_CONTROL,VALUE_POPULATOR,SCREEN_WIDTH,SEQ_POS)
VALUES( 'Scheme','Code',false,true,true,'SHOW','READONLY','SHOW','Code','Code','Code',true,'Text',null,20,2);
INSERT INTO entity_fields (ENTITY_NAME,FIELD_NAME,IS_PK, IS_BK, IS_MANDATORY, LIST_PAGE_BV, EDIT_PAGE_BV,  ADD_PAGE_BV, UI_LABEL_KEY,UI_LABEL_VALUE,JSON_TAG,SHOW_INFILTER,DISPLAY_CONTROL,VALUE_POPULATOR,SCREEN_WIDTH,SEQ_POS)
VALUES( 'Scheme','Description', false,false,true,'SHOW','SHOW','SHOW','Description','Description','Description',false,'Text',null,100,3);
INSERT INTO entity_fields (ENTITY_NAME,FIELD_NAME,IS_PK, IS_BK, IS_MANDATORY, LIST_PAGE_BV, EDIT_PAGE_BV,  ADD_PAGE_BV, UI_LABEL_KEY,UI_LABEL_VALUE,JSON_TAG,SHOW_INFILTER,DISPLAY_CONTROL,VALUE_POPULATOR,SCREEN_WIDTH,SEQ_POS)
VALUES( 'Scheme','Status',false,false,true,'SHOW','SHOW','SHOW','Status','Status','Status.Description',true,'DropDown','FiniteValues.SCHMSTATUS',20,4);
INSERT INTO entity_fields (ENTITY_NAME,FIELD_NAME,IS_PK, IS_BK, IS_MANDATORY, LIST_PAGE_BV, EDIT_PAGE_BV,  ADD_PAGE_BV, UI_LABEL_KEY,UI_LABEL_VALUE,JSON_TAG,SHOW_INFILTER,DISPLAY_CONTROL,VALUE_POPULATOR,SCREEN_WIDTH,SEQ_POS)
VALUES( 'Scheme','SchemeType',false,false,true,'SHOW','SHOW','SHOW','Type','Type','SchemeType.Code',true,'DropDown',"SchemeType.Code",20,4);
INSERT INTO entity_fields (ENTITY_NAME,FIELD_NAME,IS_PK, IS_BK, IS_MANDATORY, LIST_PAGE_BV, EDIT_PAGE_BV,  ADD_PAGE_BV, UI_LABEL_KEY,UI_LABEL_VALUE,JSON_TAG,SHOW_INFILTER,DISPLAY_CONTROL,VALUE_POPULATOR,SCREEN_WIDTH,SEQ_POS)
VALUES( 'Scheme','StartDate', false,false,true,'SHOW','SHOW','SHOW','StartDate','Start Date','StartDate',false,'Date',null,20,6);
INSERT INTO entity_fields (ENTITY_NAME,FIELD_NAME,IS_PK, IS_BK, IS_MANDATORY, LIST_PAGE_BV, EDIT_PAGE_BV,  ADD_PAGE_BV, UI_LABEL_KEY,UI_LABEL_VALUE,JSON_TAG,SHOW_INFILTER,DISPLAY_CONTROL,VALUE_POPULATOR,SCREEN_WIDTH,SEQ_POS)
VALUES( 'Scheme','EndDate', false,false,true,'SHOW','SHOW','SHOW','EndDate','End Date','EndDate',false,'Date',null,20,7);
INSERT INTO entity_fields (ENTITY_NAME,FIELD_NAME,IS_PK, IS_BK, IS_MANDATORY, LIST_PAGE_BV, EDIT_PAGE_BV,  ADD_PAGE_BV, UI_LABEL_KEY,UI_LABEL_VALUE,JSON_TAG,SHOW_INFILTER,DISPLAY_CONTROL,VALUE_POPULATOR,SCREEN_WIDTH,SEQ_POS)
VALUES( 'Scheme','NextAuctionDate', false,false,false,'SHOW','SHOW','SHOW','NextAuction','Next Auction','NextAuctionDate',false,'DateTime-local',null,20,8);
INSERT INTO entity_fields (ENTITY_NAME,FIELD_NAME,IS_PK, IS_BK, IS_MANDATORY, LIST_PAGE_BV, EDIT_PAGE_BV,  ADD_PAGE_BV, UI_LABEL_KEY,UI_LABEL_VALUE,JSON_TAG,SHOW_INFILTER,DISPLAY_CONTROL,VALUE_POPULATOR,SCREEN_WIDTH,SEQ_POS)
VALUES( 'Scheme','Comments', false,false,false,'IGNORE','SHOW','SHOW','Comments','Comments','Comments',false,'Test',null,20,9);
INSERT INTO entity_fields (ENTITY_NAME,FIELD_NAME,IS_PK, IS_BK, IS_MANDATORY, LIST_PAGE_BV, EDIT_PAGE_BV,  ADD_PAGE_BV, UI_LABEL_KEY,UI_LABEL_VALUE,JSON_TAG,SHOW_INFILTER,DISPLAY_CONTROL,VALUE_POPULATOR,SCREEN_WIDTH,SEQ_POS)
VALUES( 'Scheme','Version',false,false,true,'IGNORE','HIDE','IGNORE','','','Version',false,'Hidden',null,30,10);


INSERT INTO ENTITY_VALIDATIONS(ENTITY_NAME,FIELD_NAME,VALIDATION_TYPE,PARAMS) VALUES('Scheme','Code','MANDATORY','Code');
INSERT INTO ENTITY_VALIDATIONS(ENTITY_NAME,FIELD_NAME,VALIDATION_TYPE,PARAMS) VALUES('Scheme','Description','MANDATORY','Description');
INSERT INTO ENTITY_VALIDATIONS(ENTITY_NAME,FIELD_NAME,VALIDATION_TYPE,PARAMS) VALUES('Scheme','Code','UNIQUE','Code');
INSERT INTO ENTITY_VALIDATIONS(ENTITY_NAME,FIELD_NAME,VALIDATION_TYPE,PARAMS) VALUES('Scheme','Status','MANDATORY','Status');
INSERT INTO ENTITY_VALIDATIONS(ENTITY_NAME,FIELD_NAME,VALIDATION_TYPE,PARAMS,FV_GROUP) VALUES('Scheme','Status','FV','Frequency','SCHMSTATUS');
INSERT INTO ENTITY_VALIDATIONS(ENTITY_NAME,FIELD_NAME,VALIDATION_TYPE,PARAMS,REF_ENTITY,REF_FIELD) VALUES('Scheme','SchemeType','FK','Scheme Type','SchemeType','Code');


INSERT INTO entity_fields (ENTITY_NAME,FIELD_NAME,IS_PK, IS_BK, IS_MANDATORY, LIST_PAGE_BV, EDIT_PAGE_BV,  ADD_PAGE_BV, UI_LABEL_KEY,UI_LABEL_VALUE,JSON_TAG,SHOW_INFILTER,DISPLAY_CONTROL,VALUE_POPULATOR,SCREEN_WIDTH,SEQ_POS)
VALUES( 'Customer','Id',true,false,false,'IGNORE','HIDE','IGNORE','Id','Id','Id',false,'Hidden',null,20,1);
INSERT INTO entity_fields (ENTITY_NAME,FIELD_NAME,IS_PK, IS_BK, IS_MANDATORY, LIST_PAGE_BV, EDIT_PAGE_BV,  ADD_PAGE_BV, UI_LABEL_KEY,UI_LABEL_VALUE,JSON_TAG,SHOW_INFILTER,DISPLAY_CONTROL,VALUE_POPULATOR,SCREEN_WIDTH,SEQ_POS)
VALUES( 'Customer','Email',false,true,true,'SHOW','READONLY','SHOW','Email','Email','Email',true,'Text',null,20,2);
INSERT INTO entity_fields (ENTITY_NAME,FIELD_NAME,IS_PK, IS_BK, IS_MANDATORY, LIST_PAGE_BV, EDIT_PAGE_BV,  ADD_PAGE_BV, UI_LABEL_KEY,UI_LABEL_VALUE,JSON_TAG,SHOW_INFILTER,DISPLAY_CONTROL,VALUE_POPULATOR,SCREEN_WIDTH,SEQ_POS)
VALUES( 'Customer','Phone', false,false,true,'SHOW','SHOW','SHOW','Phone','Phone','Phone',false,'Text',null,20,3);
INSERT INTO entity_fields (ENTITY_NAME,FIELD_NAME,IS_PK, IS_BK, IS_MANDATORY, LIST_PAGE_BV, EDIT_PAGE_BV,  ADD_PAGE_BV, UI_LABEL_KEY,UI_LABEL_VALUE,JSON_TAG,SHOW_INFILTER,DISPLAY_CONTROL,VALUE_POPULATOR,SCREEN_WIDTH,SEQ_POS)
VALUES( 'Customer','FirstName', false,false,true,'SHOW','SHOW','SHOW','FirstName','FirstName','FirstName',false,'Text',null,30,4);
INSERT INTO entity_fields (ENTITY_NAME,FIELD_NAME,IS_PK, IS_BK, IS_MANDATORY, LIST_PAGE_BV, EDIT_PAGE_BV,  ADD_PAGE_BV, UI_LABEL_KEY,UI_LABEL_VALUE,JSON_TAG,SHOW_INFILTER,DISPLAY_CONTROL,VALUE_POPULATOR,SCREEN_WIDTH,SEQ_POS)
VALUES( 'Customer','LastName', false,false,true,'SHOW','SHOW','SHOW','LastName','LastName','LastName',false,'Text',null,30,5);
INSERT INTO entity_fields (ENTITY_NAME,FIELD_NAME,IS_PK, IS_BK, IS_MANDATORY, LIST_PAGE_BV, EDIT_PAGE_BV,  ADD_PAGE_BV, UI_LABEL_KEY,UI_LABEL_VALUE,JSON_TAG,SHOW_INFILTER,DISPLAY_CONTROL,VALUE_POPULATOR,SCREEN_WIDTH,SEQ_POS)
VALUES( 'Customer','Status',false,false,true,'SHOW','SHOW','SHOW','Status','Status','Status.Description',true,'DropDown','FiniteValues.CUSTSTATUS',20,6);
INSERT INTO entity_fields (ENTITY_NAME,FIELD_NAME,IS_PK, IS_BK, IS_MANDATORY, LIST_PAGE_BV, EDIT_PAGE_BV,  ADD_PAGE_BV, UI_LABEL_KEY,UI_LABEL_VALUE,JSON_TAG,SHOW_INFILTER,DISPLAY_CONTROL,VALUE_POPULATOR,SCREEN_WIDTH,SEQ_POS)
VALUES( 'Customer','Address1', false,false,true,'IGNORE','SHOW','SHOW','Address1','Address1','Address1',false,'Text',null,30,7);
INSERT INTO entity_fields (ENTITY_NAME,FIELD_NAME,IS_PK, IS_BK, IS_MANDATORY, LIST_PAGE_BV, EDIT_PAGE_BV,  ADD_PAGE_BV, UI_LABEL_KEY,UI_LABEL_VALUE,JSON_TAG,SHOW_INFILTER,DISPLAY_CONTROL,VALUE_POPULATOR,SCREEN_WIDTH,SEQ_POS)
VALUES( 'Customer','Address2', false,false,true,'IGNORE','SHOW','SHOW','Address2','Address2','Address2',false,'Text',null,30,8);
INSERT INTO entity_fields (ENTITY_NAME,FIELD_NAME,IS_PK, IS_BK, IS_MANDATORY, LIST_PAGE_BV, EDIT_PAGE_BV,  ADD_PAGE_BV, UI_LABEL_KEY,UI_LABEL_VALUE,JSON_TAG,SHOW_INFILTER,DISPLAY_CONTROL,VALUE_POPULATOR,SCREEN_WIDTH,SEQ_POS)
VALUES( 'Customer','City', false,false,true,'IGNORE','SHOW','SHOW','City','City','City',false,'Text',null,30,9);
INSERT INTO entity_fields (ENTITY_NAME,FIELD_NAME,IS_PK, IS_BK, IS_MANDATORY, LIST_PAGE_BV, EDIT_PAGE_BV,  ADD_PAGE_BV, UI_LABEL_KEY,UI_LABEL_VALUE,JSON_TAG,SHOW_INFILTER,DISPLAY_CONTROL,VALUE_POPULATOR,SCREEN_WIDTH,SEQ_POS)
VALUES( 'Customer','State', false,false,true,'IGNORE','SHOW','SHOW','State','State','State',false,'Text',null,30,10);
INSERT INTO entity_fields (ENTITY_NAME,FIELD_NAME,IS_PK, IS_BK, IS_MANDATORY, LIST_PAGE_BV, EDIT_PAGE_BV,  ADD_PAGE_BV, UI_LABEL_KEY,UI_LABEL_VALUE,JSON_TAG,SHOW_INFILTER,DISPLAY_CONTROL,VALUE_POPULATOR,SCREEN_WIDTH,SEQ_POS)
VALUES( 'Customer','ZipCode', false,false,true,'IGNORE','SHOW','SHOW','ZipCode','ZipCode','ZipCode',false,'Text',null,30,11);


INSERT INTO ENTITY_VALIDATIONS(ENTITY_NAME,FIELD_NAME,VALIDATION_TYPE,PARAMS) VALUES('Customer','Phone','MANDATORY','Phone');
INSERT INTO ENTITY_VALIDATIONS(ENTITY_NAME,FIELD_NAME,VALIDATION_TYPE,PARAMS) VALUES('Customer','Email','MANDATORY','Email');
INSERT INTO ENTITY_VALIDATIONS(ENTITY_NAME,FIELD_NAME,VALIDATION_TYPE,PARAMS) VALUES('Customer','Email','UNIQUE','Email');
INSERT INTO ENTITY_VALIDATIONS(ENTITY_NAME,FIELD_NAME,VALIDATION_TYPE,PARAMS) VALUES('Customer','Phone','UNIQUE','Phone');
INSERT INTO ENTITY_VALIDATIONS(ENTITY_NAME,FIELD_NAME,VALIDATION_TYPE,PARAMS) VALUES('Customer','Status','MANDATORY','Status');
INSERT INTO ENTITY_VALIDATIONS(ENTITY_NAME,FIELD_NAME,VALIDATION_TYPE,PARAMS) VALUES('Customer','FirstName','MANDATORY','FirstName');
INSERT INTO ENTITY_VALIDATIONS(ENTITY_NAME,FIELD_NAME,VALIDATION_TYPE,PARAMS) VALUES('Customer','LastName','MANDATORY','LastName');
INSERT INTO ENTITY_VALIDATIONS(ENTITY_NAME,FIELD_NAME,VALIDATION_TYPE,PARAMS,FV_GROUP) VALUES('Customer','Status','FV','Frequency','CUSTSTATUS');
